property_url,mls,mls_id,status,style,street,unit,city,state,zip_code,beds,full_baths,half_baths,sqft,year_built,days_on_mls,list_price,list_date,sold_price,last_sold_date,lot_sqft,price_per_sqft,latitude,longitude,stories,hoa_fee,parking_garage,primary_photo,alt_photos
https://www.realtor.com/realestateandhomes-detail/2848564427,RLXB,2171026,FOR_RENT,APARTMENT,2100  California St,,Berkeley,CA,94703,,,,,1910,0,,2024-01-24,,,,,37.869508,-122.279886,,,,http://ar.rdcpix.com/822884d89d4fe4c2fc271656119adb3cc-f2737551569od-w480_h360_x2.webp?w=1080&q=75,"http://ar.rdcpix.com/822884d89d4fe4c2fc271656119adb3cc-f2737551569od-w480_h360_x2.webp?w=1080&q=75, http://ar.rdcpix.com/822884d89d4fe4c2fc271656119adb3cc-f2538583865od-w480_h360_x2.webp?w=1080&q=75, http://ar.rdcpix.com/822884d89d4fe4c2fc271656119adb3cc-f1723181971od-w480_h360_x2.webp?w=1080&q=75, http://ar.rdcpix.com/822884d89d4fe4c2fc271656119adb3cc-f653197327od-w480_h360_x2.webp?w=1080&q=75, http://ar.rdcpix.com/822884d89d4fe4c2fc271656119adb3cc-f170316475od-w480_h360_x2.webp?w=1080&q=75, http://ar.rdcpix.com/822884d89d4fe4c2fc271656119adb3cc-f534753530od-w480_h360_x2.webp?w=1080&q=75, http://ar.rdcpix.com/822884d89d4fe4c2fc271656119adb3cc-f567440626od-w480_h360_x2.webp?w=1080&q=75, http://ar.rdcpix.com/822884d89d4fe4c2fc271656119adb3cc-f3449953849od-w480_h360_x2.webp?w=1080&q=75, http://ar.rdcpix.com/822884d89d4fe4c2fc271656119adb3cc-f3685813572od-w480_h360_x2.webp?w=1080&q=75, http://ar.rdcpix.com/822884d89d4fe4c2fc271656119adb3cc-f1561056240od-w480_h360_x2.webp?w=1080&q=75, http://ar.rdcpix.com/822884d89d4fe4c2fc271656119adb3cc-f1007925340od-w480_h360_x2.webp?w=1080&q=75, http://ar.rdcpix.com/822884d89d4fe4c2fc271656119adb3cc-f2197674144od-w480_h360_x2.webp?w=1080&q=75, http://ar.rdcpix.com/822884d89d4fe4c2fc271656119adb3cc-f3102942581od-w480_h360_x2.webp?w=1080&q=75, http://ar.rdcpix.com/822884d89d4fe4c2fc271656119adb3cc-f2812259456od-w480_h360_x2.webp?w=1080&q=75, http://ar.rdcpix.com/822884d89d4fe4c2fc271656119adb3cc-f2175133576od-w480_h360_x2.webp?w=1080&q=75, http://ar.rdcpix.com/822884d89d4fe4c2fc271656119adb3cc-f491524114od-w480_h360_x2.webp?w=1080&q=75, http://ar.rdcpix.com/822884d89d4fe4c2fc271656119adb3cc-f2268598244od-w480_h360_x2.webp?w=1080&q=75, http://ar.rdcpix.com/822884d89d4fe4c2fc271656119adb3cc-f74204501od-w480_h360_x2.webp?w=1080&q=75, http://ar.rdcpix.com/822884d89d4fe4c2fc271656119adb3cc-f2864211902od-w480_h360_x2.webp?w=1080&q=75, http://ar.rdcpix.com/822884d89d4fe4c2fc271656119adb3cc-f3712819310od-w480_h360_x2.webp?w=1080&q=75, http://ar.rdcpix.com/822884d89d4fe4c2fc271656119adb3cc-f1316439335od-w480_h360_x2.webp?w=1080&q=75, http://ar.rdcpix.com/822884d89d4fe4c2fc271656119adb3cc-f2446420037od-w480_h360_x2.webp?w=1080&q=75, http://ar.rdcpix.com/822884d89d4fe4c2fc271656119adb3cc-f2154206403od-w480_h360_x2.webp?w=1080&q=75, http://ar.rdcpix.com/822884d89d4fe4c2fc271656119adb3cc-f3127551491od-w480_h360_x2.webp?w=1080&q=75, http://ar.rdcpix.com/822884d89d4fe4c2fc271656119adb3cc-f121532055od-w480_h360_x2.webp?w=1080&q=75, http://ar.rdcpix.com/822884d89d4fe4c2fc271656119adb3cc-f115373670od-w480_h360_x2.webp?w=1080&q=75, http://ar.rdcpix.com/822884d89d4fe4c2fc271656119adb3cc-f1753044928od-w480_h360_x2.webp?w=1080&q=75, http://ar.rdcpix.com/822884d89d4fe4c2fc271656119adb3cc-f3366983624od-w480_h360_x2.webp?w=1080&q=75, http://ar.rdcpix.com/822884d89d4fe4c2fc271656119adb3cc-f4114089974od-w480_h360_x2.webp?w=1080&q=75, http://ar.rdcpix.com/822884d89d4fe4c2fc271656119adb3cc-f1111133779od-w480_h360_x2.webp?w=1080&q=75"
https://www.realtor.com/realestateandhomes-detail/2261256047,RLXB,7754812,FOR_RENT,OTHER,2225  Hearst Ave,,Berkeley,CA,94709,,,,,2022,0,,2024-01-24,3300000,2022-03-18,,,37.874387,-122.265791,,,,http://ar.rdcpix.com/da09cd179da2f7136af1f2eca7a9e4ccc-f388299696od-w480_h360_x2.webp?w=1080&q=75,"http://ar.rdcpix.com/da09cd179da2f7136af1f2eca7a9e4ccc-f388299696od-w480_h360_x2.webp?w=1080&q=75, http://ar.rdcpix.com/da09cd179da2f7136af1f2eca7a9e4ccc-f578445657od-w480_h360_x2.webp?w=1080&q=75, http://ar.rdcpix.com/da09cd179da2f7136af1f2eca7a9e4ccc-f3371861476od-w480_h360_x2.webp?w=1080&q=75, http://ar.rdcpix.com/da09cd179da2f7136af1f2eca7a9e4ccc-f2212485234od-w480_h360_x2.webp?w=1080&q=75, http://ar.rdcpix.com/da09cd179da2f7136af1f2eca7a9e4ccc-f1859524272od-w480_h360_x2.webp?w=1080&q=75, http://ar.rdcpix.com/da09cd179da2f7136af1f2eca7a9e4ccc-f3941257100od-w480_h360_x2.webp?w=1080&q=75, http://ar.rdcpix.com/da09cd179da2f7136af1f2eca7a9e4ccc-f3693475689od-w480_h360_x2.webp?w=1080&q=75, http://ar.rdcpix.com/da09cd179da2f7136af1f2eca7a9e4ccc-f3009329034od-w480_h360_x2.webp?w=1080&q=75, http://ar.rdcpix.com/da09cd179da2f7136af1f2eca7a9e4ccc-f1160914368od-w480_h360_x2.webp?w=1080&q=75, http://ar.rdcpix.com/da09cd179da2f7136af1f2eca7a9e4ccc-f2483619460od-w480_h360_x2.webp?w=1080&q=75, http://ar.rdcpix.com/da09cd179da2f7136af1f2eca7a9e4ccc-f3018808049od-w480_h360_x2.webp?w=1080&q=75, http://ar.rdcpix.com/da09cd179da2f7136af1f2eca7a9e4ccc-f1934729589od-w480_h360_x2.webp?w=1080&q=75, http://ar.rdcpix.com/da09cd179da2f7136af1f2eca7a9e4ccc-f1360509580od-w480_h360_x2.webp?w=1080&q=75, http://ar.rdcpix.com/da09cd179da2f7136af1f2eca7a9e4ccc-f2711310883od-w480_h360_x2.webp?w=1080&q=75, http://ar.rdcpix.com/da09cd179da2f7136af1f2eca7a9e4ccc-f1584812650od-w480_h360_x2.webp?w=1080&q=75, http://ar.rdcpix.com/da09cd179da2f7136af1f2eca7a9e4ccc-f203758719od-w480_h360_x2.webp?w=1080&q=75, http://ar.rdcpix.com/da09cd179da2f7136af1f2eca7a9e4ccc-f2657322812od-w480_h360_x2.webp?w=1080&q=75, http://ar.rdcpix.com/da09cd179da2f7136af1f2eca7a9e4ccc-f1219279867od-w480_h360_x2.webp?w=1080&q=75, http://ar.rdcpix.com/da09cd179da2f7136af1f2eca7a9e4ccc-f3217491843od-w480_h360_x2.webp?w=1080&q=75, http://ar.rdcpix.com/da09cd179da2f7136af1f2eca7a9e4ccc-f4089913869od-w480_h360_x2.webp?w=1080&q=75, http://ar.rdcpix.com/da09cd179da2f7136af1f2eca7a9e4ccc-f798373827od-w480_h360_x2.webp?w=1080&q=75, http://ar.rdcpix.com/da09cd179da2f7136af1f2eca7a9e4ccc-f3664418261od-w480_h360_x2.webp?w=1080&q=75"
https://www.realtor.com/realestateandhomes-detail/1714905778,RLXB,4270453,FOR_RENT,APARTMENT,1917  6th St,# 01-12,Berkeley,CA,94710,,,,,1964,0,,2024-01-24,,,,,37.796411,-122.268743,,,,http://ar.rdcpix.com/2a9a079d3cc7da2e216482d06f4b43b3c-f2567852535od-w480_h360_x2.webp?w=1080&q=75,"http://ar.rdcpix.com/2a9a079d3cc7da2e216482d06f4b43b3c-f2567852535od-w480_h360_x2.webp?w=1080&q=75, http://ar.rdcpix.com/2a9a079d3cc7da2e216482d06f4b43b3c-f2530316441od-w480_h360_x2.webp?w=1080&q=75, http://ar.rdcpix.com/2a9a079d3cc7da2e216482d06f4b43b3c-f3688611898od-w480_h360_x2.webp?w=1080&q=75, http://ar.rdcpix.com/2a9a079d3cc7da2e216482d06f4b43b3c-f2569332793od-w480_h360_x2.webp?w=1080&q=75, http://ar.rdcpix.com/2a9a079d3cc7da2e216482d06f4b43b3c-f2480746432od-w480_h360_x2.webp?w=1080&q=75, http://ar.rdcpix.com/2a9a079d3cc7da2e216482d06f4b43b3c-f2329495633od-w480_h360_x2.webp?w=1080&q=75, http://ar.rdcpix.com/2a9a079d3cc7da2e216482d06f4b43b3c-f2007657605od-w480_h360_x2.webp?w=1080&q=75, http://ar.rdcpix.com/2a9a079d3cc7da2e216482d06f4b43b3c-f2468472216od-w480_h360_x2.webp?w=1080&q=75, http://ar.rdcpix.com/2a9a079d3cc7da2e216482d06f4b43b3c-f252321414od-w480_h360_x2.webp?w=1080&q=75, http://ar.rdcpix.com/2a9a079d3cc7da2e216482d06f4b43b3c-f2831334759od-w480_h360_x2.webp?w=1080&q=75, http://ar.rdcpix.com/2a9a079d3cc7da2e216482d06f4b43b3c-f548515166od-w480_h360_x2.webp?w=1080&q=75, http://ar.rdcpix.com/2a9a079d3cc7da2e216482d06f4b43b3c-f3281647656od-w480_h360_x2.webp?w=1080&q=75, http://ar.rdcpix.com/2a9a079d3cc7da2e216482d06f4b43b3c-f679226551od-w480_h360_x2.webp?w=1080&q=75, http://ar.rdcpix.com/2a9a079d3cc7da2e216482d06f4b43b3c-f2905616237od-w480_h360_x2.webp?w=1080&q=75, http://ar.rdcpix.com/2a9a079d3cc7da2e216482d06f4b43b3c-f3083046384od-w480_h360_x2.webp?w=1080&q=75, http://ar.rdcpix.com/2a9a079d3cc7da2e216482d06f4b43b3c-f106425696od-w480_h360_x2.webp?w=1080&q=75, http://ar.rdcpix.com/2a9a079d3cc7da2e216482d06f4b43b3c-f3188720386od-w480_h360_x2.webp?w=1080&q=75, http://ar.rdcpix.com/2a9a079d3cc7da2e216482d06f4b43b3c-f3718676311od-w480_h360_x2.webp?w=1080&q=75, http://ar.rdcpix.com/2a9a079d3cc7da2e216482d06f4b43b3c-f1200135627od-w480_h360_x2.webp?w=1080&q=75, http://ar.rdcpix.com/2a9a079d3cc7da2e216482d06f4b43b3c-f3747268352od-w480_h360_x2.webp?w=1080&q=75, http://ar.rdcpix.com/2a9a079d3cc7da2e216482d06f4b43b3c-f44675643od-w480_h360_x2.webp?w=1080&q=75, http://ar.rdcpix.com/2a9a079d3cc7da2e216482d06f4b43b3c-f1124594734od-w480_h360_x2.webp?w=1080&q=75, http://ar.rdcpix.com/2a9a079d3cc7da2e216482d06f4b43b3c-f3630792365od-w480_h360_x2.webp?w=1080&q=75, http://ar.rdcpix.com/2a9a079d3cc7da2e216482d06f4b43b3c-f3288378746od-w480_h360_x2.webp?w=1080&q=75, http://ar.rdcpix.com/2a9a079d3cc7da2e216482d06f4b43b3c-f3351386671od-w480_h360_x2.webp?w=1080&q=75, http://ar.rdcpix.com/2a9a079d3cc7da2e216482d06f4b43b3c-f3553835773od-w480_h360_x2.webp?w=1080&q=75"
https://www.realtor.com/realestateandhomes-detail/2232904734,RLXB,6399356,FOR_RENT,APARTMENT,2109  Cedar St,,Berkeley,CA,94709,,,,,,1,,2024-01-23,,,,,37.8787,-122.268558,,,,http://ar.rdcpix.com/4241531d15e29a89657753ad75a6c3e9c-f4175807552od-w480_h360_x2.webp?w=1080&q=75,"http://ar.rdcpix.com/4241531d15e29a89657753ad75a6c3e9c-f4175807552od-w480_h360_x2.webp?w=1080&q=75, http://ar.rdcpix.com/4241531d15e29a89657753ad75a6c3e9c-f1069017444od-w480_h360_x2.webp?w=1080&q=75, http://ar.rdcpix.com/4241531d15e29a89657753ad75a6c3e9c-f1763906351od-w480_h360_x2.webp?w=1080&q=75, http://ar.rdcpix.com/4241531d15e29a89657753ad75a6c3e9c-f1678861862od-w480_h360_x2.webp?w=1080&q=75, http://ar.rdcpix.com/4241531d15e29a89657753ad75a6c3e9c-f4042126893od-w480_h360_x2.webp?w=1080&q=75, http://ar.rdcpix.com/4241531d15e29a89657753ad75a6c3e9c-f3755425202od-w480_h360_x2.webp?w=1080&q=75, http://ar.rdcpix.com/4241531d15e29a89657753ad75a6c3e9c-f3284395805od-w480_h360_x2.webp?w=1080&q=75, http://ar.rdcpix.com/4241531d15e29a89657753ad75a6c3e9c-f2060582232od-w480_h360_x2.webp?w=1080&q=75, http://ar.rdcpix.com/4241531d15e29a89657753ad75a6c3e9c-f4216991476od-w480_h360_x2.webp?w=1080&q=75"
https://www.realtor.com/realestateandhomes-detail/2225339747,RLXB,6008627,FOR_RENT,APARTMENT,2724  Channing Way,,Berkeley,CA,94704,,,,,,5,,2024-01-19,177500,1998-12-30,,,37.867332,-122.253243,,,,http://ar.rdcpix.com/0a862ee4ce890c6257413f43f46cc9f0c-f3352474222od-w480_h360_x2.webp?w=1080&q=75,"http://ar.rdcpix.com/0a862ee4ce890c6257413f43f46cc9f0c-f3352474222od-w480_h360_x2.webp?w=1080&q=75, http://ar.rdcpix.com/0a862ee4ce890c6257413f43f46cc9f0c-f3802635155od-w480_h360_x2.webp?w=1080&q=75, http://ar.rdcpix.com/0a862ee4ce890c6257413f43f46cc9f0c-f956833755od-w480_h360_x2.webp?w=1080&q=75, http://ar.rdcpix.com/0a862ee4ce890c6257413f43f46cc9f0c-f168861947od-w480_h360_x2.webp?w=1080&q=75, http://ar.rdcpix.com/0a862ee4ce890c6257413f43f46cc9f0c-f2288300630od-w480_h360_x2.webp?w=1080&q=75, http://ar.rdcpix.com/0a862ee4ce890c6257413f43f46cc9f0c-f2414729544od-w480_h360_x2.webp?w=1080&q=75, http://ar.rdcpix.com/0a862ee4ce890c6257413f43f46cc9f0c-f1466759957od-w480_h360_x2.webp?w=1080&q=75, http://ar.rdcpix.com/0a862ee4ce890c6257413f43f46cc9f0c-f1265751537od-w480_h360_x2.webp?w=1080&q=75, http://ar.rdcpix.com/0a862ee4ce890c6257413f43f46cc9f0c-f3345353608od-w480_h360_x2.webp?w=1080&q=75, http://ar.rdcpix.com/0a862ee4ce890c6257413f43f46cc9f0c-f1127046838od-w480_h360_x2.webp?w=1080&q=75, http://ar.rdcpix.com/0a862ee4ce890c6257413f43f46cc9f0c-f380756183od-w480_h360_x2.webp?w=1080&q=75, http://ar.rdcpix.com/0a862ee4ce890c6257413f43f46cc9f0c-f4241150474od-w480_h360_x2.webp?w=1080&q=75, http://ar.rdcpix.com/0a862ee4ce890c6257413f43f46cc9f0c-f396816199od-w480_h360_x2.webp?w=1080&q=75, http://ar.rdcpix.com/0a862ee4ce890c6257413f43f46cc9f0c-f3652520452od-w480_h360_x2.webp?w=1080&q=75, http://ar.rdcpix.com/0a862ee4ce890c6257413f43f46cc9f0c-f4076648255od-w480_h360_x2.webp?w=1080&q=75, http://ar.rdcpix.com/0a862ee4ce890c6257413f43f46cc9f0c-f4231367491od-w480_h360_x2.webp?w=1080&q=75, http://ar.rdcpix.com/0a862ee4ce890c6257413f43f46cc9f0c-f3929528288od-w480_h360_x2.webp?w=1080&q=75, http://ar.rdcpix.com/0a862ee4ce890c6257413f43f46cc9f0c-f1738060867od-w480_h360_x2.webp?w=1080&q=75, http://ar.rdcpix.com/0a862ee4ce890c6257413f43f46cc9f0c-f1769939630od-w480_h360_x2.webp?w=1080&q=75, http://ar.rdcpix.com/0a862ee4ce890c6257413f43f46cc9f0c-f983671902od-w480_h360_x2.webp?w=1080&q=75, http://ar.rdcpix.com/0a862ee4ce890c6257413f43f46cc9f0c-f2369687316od-w480_h360_x2.webp?w=1080&q=75, http://ar.rdcpix.com/0a862ee4ce890c6257413f43f46cc9f0c-f4146650798od-w480_h360_x2.webp?w=1080&q=75, http://ar.rdcpix.com/0a862ee4ce890c6257413f43f46cc9f0c-f2651946083od-w480_h360_x2.webp?w=1080&q=75, http://ar.rdcpix.com/0a862ee4ce890c6257413f43f46cc9f0c-f11909957od-w480_h360_x2.webp?w=1080&q=75, http://ar.rdcpix.com/0a862ee4ce890c6257413f43f46cc9f0c-f2888816976od-w480_h360_x2.webp?w=1080&q=75"
https://www.realtor.com/realestateandhomes-detail/9572373076,RLXB,5019633,FOR_RENT,OTHER,2425  Prospect St,,Berkeley,CA,94704,,,,,,5,,2024-01-19,,,,,37.866519,-122.249295,,,,http://ar.rdcpix.com/5c2ba938e8fa0cd46c364de6fa4639dac-f1896772530od-w480_h360_x2.webp?w=1080&q=75,"http://ar.rdcpix.com/5c2ba938e8fa0cd46c364de6fa4639dac-f1896772530od-w480_h360_x2.webp?w=1080&q=75, http://ar.rdcpix.com/5c2ba938e8fa0cd46c364de6fa4639dac-f3298459529od-w480_h360_x2.webp?w=1080&q=75, http://ar.rdcpix.com/5c2ba938e8fa0cd46c364de6fa4639dac-f1591231083od-w480_h360_x2.webp?w=1080&q=75, http://ar.rdcpix.com/5c2ba938e8fa0cd46c364de6fa4639dac-f3905507387od-w480_h360_x2.webp?w=1080&q=75, http://ar.rdcpix.com/5c2ba938e8fa0cd46c364de6fa4639dac-f2847085674od-w480_h360_x2.webp?w=1080&q=75, http://ar.rdcpix.com/5c2ba938e8fa0cd46c364de6fa4639dac-f4133047896od-w480_h360_x2.webp?w=1080&q=75, http://ar.rdcpix.com/5c2ba938e8fa0cd46c364de6fa4639dac-f1781874916od-w480_h360_x2.webp?w=1080&q=75, http://ar.rdcpix.com/5c2ba938e8fa0cd46c364de6fa4639dac-f710211991od-w480_h360_x2.webp?w=1080&q=75, http://ar.rdcpix.com/5c2ba938e8fa0cd46c364de6fa4639dac-f777153794od-w480_h360_x2.webp?w=1080&q=75, http://ar.rdcpix.com/5c2ba938e8fa0cd46c364de6fa4639dac-f3328349915od-w480_h360_x2.webp?w=1080&q=75, http://ar.rdcpix.com/5c2ba938e8fa0cd46c364de6fa4639dac-f2725760474od-w480_h360_x2.webp?w=1080&q=75, http://ar.rdcpix.com/5c2ba938e8fa0cd46c364de6fa4639dac-f1128292319od-w480_h360_x2.webp?w=1080&q=75, http://ar.rdcpix.com/5c2ba938e8fa0cd46c364de6fa4639dac-f701340270od-w480_h360_x2.webp?w=1080&q=75, http://ar.rdcpix.com/5c2ba938e8fa0cd46c364de6fa4639dac-f2799062001od-w480_h360_x2.webp?w=1080&q=75, http://ar.rdcpix.com/5c2ba938e8fa0cd46c364de6fa4639dac-f2337800577od-w480_h360_x2.webp?w=1080&q=75, http://ar.rdcpix.com/5c2ba938e8fa0cd46c364de6fa4639dac-f1788342742od-w480_h360_x2.webp?w=1080&q=75"
https://www.realtor.com/realestateandhomes-detail/9833100181,RLXB,2499070,FOR_RENT,OTHER,2335  Warring St,,Berkeley,CA,94704,,,,,,5,,2024-01-19,2600000,2015-11-09,,,37.868305,-122.250185,,,,http://ar.rdcpix.com/af59b9aa52a5a67ac95314a3a87c7247c-f3320750602od-w480_h360_x2.webp?w=1080&q=75,"http://ar.rdcpix.com/af59b9aa52a5a67ac95314a3a87c7247c-f3320750602od-w480_h360_x2.webp?w=1080&q=75, http://ar.rdcpix.com/af59b9aa52a5a67ac95314a3a87c7247c-f1086770451od-w480_h360_x2.webp?w=1080&q=75, http://ar.rdcpix.com/af59b9aa52a5a67ac95314a3a87c7247c-f1230310885od-w480_h360_x2.webp?w=1080&q=75, http://ar.rdcpix.com/af59b9aa52a5a67ac95314a3a87c7247c-f1532496057od-w480_h360_x2.webp?w=1080&q=75, http://ar.rdcpix.com/af59b9aa52a5a67ac95314a3a87c7247c-f1479747731od-w480_h360_x2.webp?w=1080&q=75, http://ar.rdcpix.com/af59b9aa52a5a67ac95314a3a87c7247c-f3836727813od-w480_h360_x2.webp?w=1080&q=75, http://ar.rdcpix.com/af59b9aa52a5a67ac95314a3a87c7247c-f3253159792od-w480_h360_x2.webp?w=1080&q=75, http://ar.rdcpix.com/af59b9aa52a5a67ac95314a3a87c7247c-f1026551049od-w480_h360_x2.webp?w=1080&q=75, http://ar.rdcpix.com/af59b9aa52a5a67ac95314a3a87c7247c-f684076621od-w480_h360_x2.webp?w=1080&q=75, http://ar.rdcpix.com/af59b9aa52a5a67ac95314a3a87c7247c-f327075068od-w480_h360_x2.webp?w=1080&q=75, http://ar.rdcpix.com/af59b9aa52a5a67ac95314a3a87c7247c-f1783126504od-w480_h360_x2.webp?w=1080&q=75, http://ar.rdcpix.com/af59b9aa52a5a67ac95314a3a87c7247c-f2274084265od-w480_h360_x2.webp?w=1080&q=75, http://ar.rdcpix.com/af59b9aa52a5a67ac95314a3a87c7247c-f3828331435od-w480_h360_x2.webp?w=1080&q=75, http://ar.rdcpix.com/af59b9aa52a5a67ac95314a3a87c7247c-f3173485175od-w480_h360_x2.webp?w=1080&q=75, http://ar.rdcpix.com/af59b9aa52a5a67ac95314a3a87c7247c-f1829170984od-w480_h360_x2.webp?w=1080&q=75"
https://www.realtor.com/realestateandhomes-detail/1907749541,RLXB,4915167,FOR_RENT,APARTMENT,2327-2333  Dwight Way,,Berkeley,CA,94704,,,,,,5,,2024-01-19,,,,,37.864973,-122.26171,,,,http://ar.rdcpix.com/c99d489e826115a1c5794934eedfd1aac-f509671097od-w480_h360_x2.webp?w=1080&q=75,"http://ar.rdcpix.com/c99d489e826115a1c5794934eedfd1aac-f509671097od-w480_h360_x2.webp?w=1080&q=75, http://ar.rdcpix.com/c99d489e826115a1c5794934eedfd1aac-f1773334141od-w480_h360_x2.webp?w=1080&q=75, http://ar.rdcpix.com/c99d489e826115a1c5794934eedfd1aac-f2493478630od-w480_h360_x2.webp?w=1080&q=75, http://ar.rdcpix.com/c99d489e826115a1c5794934eedfd1aac-f3546805264od-w480_h360_x2.webp?w=1080&q=75, http://ar.rdcpix.com/c99d489e826115a1c5794934eedfd1aac-f1962841464od-w480_h360_x2.webp?w=1080&q=75, http://ar.rdcpix.com/c99d489e826115a1c5794934eedfd1aac-f3649324412od-w480_h360_x2.webp?w=1080&q=75, http://ar.rdcpix.com/c99d489e826115a1c5794934eedfd1aac-f4264267504od-w480_h360_x2.webp?w=1080&q=75, http://ar.rdcpix.com/c99d489e826115a1c5794934eedfd1aac-f1504553443od-w480_h360_x2.webp?w=1080&q=75, http://ar.rdcpix.com/c99d489e826115a1c5794934eedfd1aac-f3706283754od-w480_h360_x2.webp?w=1080&q=75, http://ar.rdcpix.com/c99d489e826115a1c5794934eedfd1aac-f1492116886od-w480_h360_x2.webp?w=1080&q=75"
https://www.realtor.com/realestateandhomes-detail/1802038199,RLXB,2976609,FOR_RENT,OTHER,1770  LA Loma Ave,,Berkeley,CA,94709,,,,,,5,,2024-01-19,1700000,2014-11-14,,,37.876703,-122.257259,,,,http://ar.rdcpix.com/81e89a95601c887d44c27e4fcc833cfbc-f1569876942od-w480_h360_x2.webp?w=1080&q=75,"http://ar.rdcpix.com/81e89a95601c887d44c27e4fcc833cfbc-f1569876942od-w480_h360_x2.webp?w=1080&q=75, http://ar.rdcpix.com/81e89a95601c887d44c27e4fcc833cfbc-f3208993169od-w480_h360_x2.webp?w=1080&q=75, http://ar.rdcpix.com/81e89a95601c887d44c27e4fcc833cfbc-f938273184od-w480_h360_x2.webp?w=1080&q=75, http://ar.rdcpix.com/81e89a95601c887d44c27e4fcc833cfbc-f1387463533od-w480_h360_x2.webp?w=1080&q=75, http://ar.rdcpix.com/81e89a95601c887d44c27e4fcc833cfbc-f321205462od-w480_h360_x2.webp?w=1080&q=75, http://ar.rdcpix.com/81e89a95601c887d44c27e4fcc833cfbc-f1452470230od-w480_h360_x2.webp?w=1080&q=75, http://ar.rdcpix.com/81e89a95601c887d44c27e4fcc833cfbc-f2786706871od-w480_h360_x2.webp?w=1080&q=75, http://ar.rdcpix.com/81e89a95601c887d44c27e4fcc833cfbc-f595396571od-w480_h360_x2.webp?w=1080&q=75, http://ar.rdcpix.com/81e89a95601c887d44c27e4fcc833cfbc-f321527687od-w480_h360_x2.webp?w=1080&q=75, http://ar.rdcpix.com/81e89a95601c887d44c27e4fcc833cfbc-f1880864867od-w480_h360_x2.webp?w=1080&q=75, http://ar.rdcpix.com/81e89a95601c887d44c27e4fcc833cfbc-f1449753299od-w480_h360_x2.webp?w=1080&q=75, http://ar.rdcpix.com/81e89a95601c887d44c27e4fcc833cfbc-f2027103916od-w480_h360_x2.webp?w=1080&q=75, http://ar.rdcpix.com/81e89a95601c887d44c27e4fcc833cfbc-f2007692253od-w480_h360_x2.webp?w=1080&q=75, http://ar.rdcpix.com/81e89a95601c887d44c27e4fcc833cfbc-f3655035202od-w480_h360_x2.webp?w=1080&q=75"
https://www.realtor.com/realestateandhomes-detail/2988355519,RLXB,3216264,FOR_RENT,OTHER,2618  College Ave,,Berkeley,CA,94704,,,,,,5,,2024-01-19,2275000,2014-06-16,,,37.86288,-122.254042,,,,http://ar.rdcpix.com/4f7733b2c2345fc28fc12b105a0504e3c-f4181543129od-w480_h360_x2.webp?w=1080&q=75,"http://ar.rdcpix.com/4f7733b2c2345fc28fc12b105a0504e3c-f4181543129od-w480_h360_x2.webp?w=1080&q=75, http://ar.rdcpix.com/4f7733b2c2345fc28fc12b105a0504e3c-f98558096od-w480_h360_x2.webp?w=1080&q=75, http://ar.rdcpix.com/4f7733b2c2345fc28fc12b105a0504e3c-f3411860031od-w480_h360_x2.webp?w=1080&q=75, http://ar.rdcpix.com/4f7733b2c2345fc28fc12b105a0504e3c-f398666405od-w480_h360_x2.webp?w=1080&q=75, http://ar.rdcpix.com/4f7733b2c2345fc28fc12b105a0504e3c-f4176917597od-w480_h360_x2.webp?w=1080&q=75, http://ar.rdcpix.com/4f7733b2c2345fc28fc12b105a0504e3c-f3475974615od-w480_h360_x2.webp?w=1080&q=75, http://ar.rdcpix.com/4f7733b2c2345fc28fc12b105a0504e3c-f339358267od-w480_h360_x2.webp?w=1080&q=75, http://ar.rdcpix.com/4f7733b2c2345fc28fc12b105a0504e3c-f1460265824od-w480_h360_x2.webp?w=1080&q=75, http://ar.rdcpix.com/4f7733b2c2345fc28fc12b105a0504e3c-f3761645268od-w480_h360_x2.webp?w=1080&q=75, http://ar.rdcpix.com/4f7733b2c2345fc28fc12b105a0504e3c-f1142420660od-w480_h360_x2.webp?w=1080&q=75, http://ar.rdcpix.com/4f7733b2c2345fc28fc12b105a0504e3c-f2742123962od-w480_h360_x2.webp?w=1080&q=75, http://ar.rdcpix.com/4f7733b2c2345fc28fc12b105a0504e3c-f368766184od-w480_h360_x2.webp?w=1080&q=75, http://ar.rdcpix.com/4f7733b2c2345fc28fc12b105a0504e3c-f835607654od-w480_h360_x2.webp?w=1080&q=75"
https://www.realtor.com/realestateandhomes-detail/2742803682,RLXB,3399479,FOR_RENT,APARTMENT,2620  Regent St,,Berkeley,CA,94704,,,,,,5,,2024-01-19,1920100,2013-07-03,,,37.862648,-122.257937,,,,http://ar.rdcpix.com/e4d95a71012a5230b22ce213030b7958c-f2656094505od-w480_h360_x2.webp?w=1080&q=75,"http://ar.rdcpix.com/e4d95a71012a5230b22ce213030b7958c-f2656094505od-w480_h360_x2.webp?w=1080&q=75, http://ar.rdcpix.com/e4d95a71012a5230b22ce213030b7958c-f1866370590od-w480_h360_x2.webp?w=1080&q=75, http://ar.rdcpix.com/e4d95a71012a5230b22ce213030b7958c-f1464867171od-w480_h360_x2.webp?w=1080&q=75, http://ar.rdcpix.com/e4d95a71012a5230b22ce213030b7958c-f3341255999od-w480_h360_x2.webp?w=1080&q=75, http://ar.rdcpix.com/e4d95a71012a5230b22ce213030b7958c-f2687809820od-w480_h360_x2.webp?w=1080&q=75, http://ar.rdcpix.com/e4d95a71012a5230b22ce213030b7958c-f2421743631od-w480_h360_x2.webp?w=1080&q=75, http://ar.rdcpix.com/e4d95a71012a5230b22ce213030b7958c-f1179842219od-w480_h360_x2.webp?w=1080&q=75, http://ar.rdcpix.com/e4d95a71012a5230b22ce213030b7958c-f2483716038od-w480_h360_x2.webp?w=1080&q=75, http://ar.rdcpix.com/e4d95a71012a5230b22ce213030b7958c-f1910181363od-w480_h360_x2.webp?w=1080&q=75, http://ar.rdcpix.com/e4d95a71012a5230b22ce213030b7958c-f3449989279od-w480_h360_x2.webp?w=1080&q=75, http://ar.rdcpix.com/e4d95a71012a5230b22ce213030b7958c-f974289170od-w480_h360_x2.webp?w=1080&q=75, http://ar.rdcpix.com/e4d95a71012a5230b22ce213030b7958c-f3885645275od-w480_h360_x2.webp?w=1080&q=75"
https://www.realtor.com/realestateandhomes-detail/2721562095,RLXB,2499089,FOR_RENT,OTHER,2901  Channing Way,,Berkeley,CA,94704,,,,,,5,,2024-01-19,1779000,2015-11-04,,,37.868137,-122.250433,,,,http://ar.rdcpix.com/d7b6c4c0edca5b74511c98ab2ff2b4d8c-f2315308792od-w480_h360_x2.webp?w=1080&q=75,"http://ar.rdcpix.com/d7b6c4c0edca5b74511c98ab2ff2b4d8c-f2315308792od-w480_h360_x2.webp?w=1080&q=75, http://ar.rdcpix.com/d7b6c4c0edca5b74511c98ab2ff2b4d8c-f3606977081od-w480_h360_x2.webp?w=1080&q=75, http://ar.rdcpix.com/d7b6c4c0edca5b74511c98ab2ff2b4d8c-f3031901305od-w480_h360_x2.webp?w=1080&q=75, http://ar.rdcpix.com/d7b6c4c0edca5b74511c98ab2ff2b4d8c-f3530050716od-w480_h360_x2.webp?w=1080&q=75, http://ar.rdcpix.com/d7b6c4c0edca5b74511c98ab2ff2b4d8c-f2605078908od-w480_h360_x2.webp?w=1080&q=75, http://ar.rdcpix.com/d7b6c4c0edca5b74511c98ab2ff2b4d8c-f2199400448od-w480_h360_x2.webp?w=1080&q=75, http://ar.rdcpix.com/d7b6c4c0edca5b74511c98ab2ff2b4d8c-f1666015391od-w480_h360_x2.webp?w=1080&q=75, http://ar.rdcpix.com/d7b6c4c0edca5b74511c98ab2ff2b4d8c-f81866038od-w480_h360_x2.webp?w=1080&q=75, http://ar.rdcpix.com/d7b6c4c0edca5b74511c98ab2ff2b4d8c-f2809365723od-w480_h360_x2.webp?w=1080&q=75, http://ar.rdcpix.com/d7b6c4c0edca5b74511c98ab2ff2b4d8c-f3945311219od-w480_h360_x2.webp?w=1080&q=75, http://ar.rdcpix.com/d7b6c4c0edca5b74511c98ab2ff2b4d8c-f188337393od-w480_h360_x2.webp?w=1080&q=75, http://ar.rdcpix.com/d7b6c4c0edca5b74511c98ab2ff2b4d8c-f4089042166od-w480_h360_x2.webp?w=1080&q=75, http://ar.rdcpix.com/d7b6c4c0edca5b74511c98ab2ff2b4d8c-f4268400836od-w480_h360_x2.webp?w=1080&q=75, http://ar.rdcpix.com/d7b6c4c0edca5b74511c98ab2ff2b4d8c-f136870674od-w480_h360_x2.webp?w=1080&q=75"
https://www.realtor.com/realestateandhomes-detail/2509034425,RLXB,2273566,FOR_RENT,APARTMENT,1528  Woolsey St,,Berkeley,CA,94703,,,,,,5,,2024-01-19,169000,1995-11-22,,,37.850496,-122.277213,,,,http://ar.rdcpix.com/3037afc151a02b7697e688a261c58fbec-f2106137214od-w480_h360_x2.webp?w=1080&q=75,"http://ar.rdcpix.com/3037afc151a02b7697e688a261c58fbec-f2106137214od-w480_h360_x2.webp?w=1080&q=75, http://ar.rdcpix.com/3037afc151a02b7697e688a261c58fbec-f2569309957od-w480_h360_x2.webp?w=1080&q=75, http://ar.rdcpix.com/3037afc151a02b7697e688a261c58fbec-f1081025535od-w480_h360_x2.webp?w=1080&q=75, http://ar.rdcpix.com/3037afc151a02b7697e688a261c58fbec-f1868043362od-w480_h360_x2.webp?w=1080&q=75, http://ar.rdcpix.com/3037afc151a02b7697e688a261c58fbec-f292630316od-w480_h360_x2.webp?w=1080&q=75, http://ar.rdcpix.com/3037afc151a02b7697e688a261c58fbec-f887069964od-w480_h360_x2.webp?w=1080&q=75, http://ar.rdcpix.com/3037afc151a02b7697e688a261c58fbec-f846013302od-w480_h360_x2.webp?w=1080&q=75, http://ar.rdcpix.com/3037afc151a02b7697e688a261c58fbec-f1233332212od-w480_h360_x2.webp?w=1080&q=75, http://ar.rdcpix.com/3037afc151a02b7697e688a261c58fbec-f3283345550od-w480_h360_x2.webp?w=1080&q=75, http://ar.rdcpix.com/3037afc151a02b7697e688a261c58fbec-f3233277103od-w480_h360_x2.webp?w=1080&q=75"
https://www.realtor.com/realestateandhomes-detail/1629881928,RLXB,3918226,FOR_RENT,APARTMENT,1246  Ashby Ave,,Berkeley,CA,94702,,,,,,5,,2024-01-19,,,,,37.852362,-122.284437,,,,http://ar.rdcpix.com/54bc4872cb7862f85d8c22f9ab5ff17ac-f1740343989od-w480_h360_x2.webp?w=1080&q=75,"http://ar.rdcpix.com/54bc4872cb7862f85d8c22f9ab5ff17ac-f1740343989od-w480_h360_x2.webp?w=1080&q=75, http://ar.rdcpix.com/54bc4872cb7862f85d8c22f9ab5ff17ac-f406498614od-w480_h360_x2.webp?w=1080&q=75, http://ar.rdcpix.com/54bc4872cb7862f85d8c22f9ab5ff17ac-f1313053742od-w480_h360_x2.webp?w=1080&q=75, http://ar.rdcpix.com/54bc4872cb7862f85d8c22f9ab5ff17ac-f3454431260od-w480_h360_x2.webp?w=1080&q=75, http://ar.rdcpix.com/54bc4872cb7862f85d8c22f9ab5ff17ac-f610657212od-w480_h360_x2.webp?w=1080&q=75, http://ar.rdcpix.com/54bc4872cb7862f85d8c22f9ab5ff17ac-f4040918951od-w480_h360_x2.webp?w=1080&q=75, http://ar.rdcpix.com/54bc4872cb7862f85d8c22f9ab5ff17ac-f57083591od-w480_h360_x2.webp?w=1080&q=75, http://ar.rdcpix.com/54bc4872cb7862f85d8c22f9ab5ff17ac-f366675868od-w480_h360_x2.webp?w=1080&q=75, http://ar.rdcpix.com/54bc4872cb7862f85d8c22f9ab5ff17ac-f1132131176od-w480_h360_x2.webp?w=1080&q=75, http://ar.rdcpix.com/54bc4872cb7862f85d8c22f9ab5ff17ac-f121316252od-w480_h360_x2.webp?w=1080&q=75, http://ar.rdcpix.com/54bc4872cb7862f85d8c22f9ab5ff17ac-f2318694047od-w480_h360_x2.webp?w=1080&q=75, http://ar.rdcpix.com/54bc4872cb7862f85d8c22f9ab5ff17ac-f1975996491od-w480_h360_x2.webp?w=1080&q=75, http://ar.rdcpix.com/54bc4872cb7862f85d8c22f9ab5ff17ac-f1929281239od-w480_h360_x2.webp?w=1080&q=75, http://ar.rdcpix.com/54bc4872cb7862f85d8c22f9ab5ff17ac-f1926531881od-w480_h360_x2.webp?w=1080&q=75"
https://www.realtor.com/realestateandhomes-detail/2774740595,RLXB,2497323,FOR_RENT,OTHER,2434  Piedmont Ave,,Berkeley,CA,94704,,,,,,5,,2024-01-19,2375000,2016-03-30,,,37.866493,-122.252029,,,,http://ar.rdcpix.com/e4bc16a59b6e05e56a8b9f2bd4bb1212c-f615070958od-w480_h360_x2.webp?w=1080&q=75,"http://ar.rdcpix.com/e4bc16a59b6e05e56a8b9f2bd4bb1212c-f615070958od-w480_h360_x2.webp?w=1080&q=75, http://ar.rdcpix.com/e4bc16a59b6e05e56a8b9f2bd4bb1212c-f1125371517od-w480_h360_x2.webp?w=1080&q=75, http://ar.rdcpix.com/e4bc16a59b6e05e56a8b9f2bd4bb1212c-f1736836737od-w480_h360_x2.webp?w=1080&q=75, http://ar.rdcpix.com/e4bc16a59b6e05e56a8b9f2bd4bb1212c-f2348105229od-w480_h360_x2.webp?w=1080&q=75, http://ar.rdcpix.com/e4bc16a59b6e05e56a8b9f2bd4bb1212c-f382254720od-w480_h360_x2.webp?w=1080&q=75, http://ar.rdcpix.com/e4bc16a59b6e05e56a8b9f2bd4bb1212c-f265138437od-w480_h360_x2.webp?w=1080&q=75, http://ar.rdcpix.com/e4bc16a59b6e05e56a8b9f2bd4bb1212c-f4127005843od-w480_h360_x2.webp?w=1080&q=75, http://ar.rdcpix.com/e4bc16a59b6e05e56a8b9f2bd4bb1212c-f3375349788od-w480_h360_x2.webp?w=1080&q=75, http://ar.rdcpix.com/e4bc16a59b6e05e56a8b9f2bd4bb1212c-f1929175911od-w480_h360_x2.webp?w=1080&q=75, http://ar.rdcpix.com/e4bc16a59b6e05e56a8b9f2bd4bb1212c-f4073480710od-w480_h360_x2.webp?w=1080&q=75, http://ar.rdcpix.com/e4bc16a59b6e05e56a8b9f2bd4bb1212c-f1405019338od-w480_h360_x2.webp?w=1080&q=75, http://ar.rdcpix.com/e4bc16a59b6e05e56a8b9f2bd4bb1212c-f2348105229od-w480_h360_x2.webp?w=1080&q=75"
https://www.realtor.com/realestateandhomes-detail/2057418462,RLXB,8112986,FOR_RENT,OTHER,2430  Prospect St,,Berkeley,CA,94704,,,,,1960,5,,2024-01-19,,,,,37.867002,-122.250019,,,,http://ar.rdcpix.com/e2a44b48f8c5ea496610b4ad9eed5cd5c-f2674085258od-w480_h360_x2.webp?w=1080&q=75,"http://ar.rdcpix.com/e2a44b48f8c5ea496610b4ad9eed5cd5c-f2674085258od-w480_h360_x2.webp?w=1080&q=75, http://ar.rdcpix.com/e2a44b48f8c5ea496610b4ad9eed5cd5c-f2385185498od-w480_h360_x2.webp?w=1080&q=75, http://ar.rdcpix.com/e2a44b48f8c5ea496610b4ad9eed5cd5c-f3173937216od-w480_h360_x2.webp?w=1080&q=75, http://ar.rdcpix.com/e2a44b48f8c5ea496610b4ad9eed5cd5c-f687462996od-w480_h360_x2.webp?w=1080&q=75, http://ar.rdcpix.com/e2a44b48f8c5ea496610b4ad9eed5cd5c-f1997136309od-w480_h360_x2.webp?w=1080&q=75, http://ar.rdcpix.com/e2a44b48f8c5ea496610b4ad9eed5cd5c-f2000340677od-w480_h360_x2.webp?w=1080&q=75, http://ar.rdcpix.com/e2a44b48f8c5ea496610b4ad9eed5cd5c-f600016787od-w480_h360_x2.webp?w=1080&q=75, http://ar.rdcpix.com/e2a44b48f8c5ea496610b4ad9eed5cd5c-f3216187162od-w480_h360_x2.webp?w=1080&q=75, http://ar.rdcpix.com/e2a44b48f8c5ea496610b4ad9eed5cd5c-f178653352od-w480_h360_x2.webp?w=1080&q=75, http://ar.rdcpix.com/e2a44b48f8c5ea496610b4ad9eed5cd5c-f1515820157od-w480_h360_x2.webp?w=1080&q=75"
https://www.realtor.com/realestateandhomes-detail/2225451545,RLXB,7021124,FOR_RENT,OTHER,2729  Dwight Way,,Berkeley,CA,94704,,,,,,5,,2024-01-19,10750000,2021-09-29,,,37.866094,-122.252469,,,,http://ar.rdcpix.com/1e4b88d2951efd2c418e29f21b1e85eec-f3673089770od-w480_h360_x2.webp?w=1080&q=75,"http://ar.rdcpix.com/1e4b88d2951efd2c418e29f21b1e85eec-f3673089770od-w480_h360_x2.webp?w=1080&q=75, http://ar.rdcpix.com/1e4b88d2951efd2c418e29f21b1e85eec-f3292023612od-w480_h360_x2.webp?w=1080&q=75, http://ar.rdcpix.com/1e4b88d2951efd2c418e29f21b1e85eec-f2828963090od-w480_h360_x2.webp?w=1080&q=75, http://ar.rdcpix.com/1e4b88d2951efd2c418e29f21b1e85eec-f1556567795od-w480_h360_x2.webp?w=1080&q=75, http://ar.rdcpix.com/1e4b88d2951efd2c418e29f21b1e85eec-f1375442280od-w480_h360_x2.webp?w=1080&q=75, http://ar.rdcpix.com/1e4b88d2951efd2c418e29f21b1e85eec-f75733247od-w480_h360_x2.webp?w=1080&q=75, http://ar.rdcpix.com/1e4b88d2951efd2c418e29f21b1e85eec-f437687548od-w480_h360_x2.webp?w=1080&q=75, http://ar.rdcpix.com/1e4b88d2951efd2c418e29f21b1e85eec-f1556567795od-w480_h360_x2.webp?w=1080&q=75, http://ar.rdcpix.com/1e4b88d2951efd2c418e29f21b1e85eec-f3230988799od-w480_h360_x2.webp?w=1080&q=75"
https://www.realtor.com/realestateandhomes-detail/2641962042,RLXB,4301353,FOR_RENT,APARTMENT,2712  College Ave,,Berkeley,CA,94705,,,,,,5,,2024-01-19,,,,,37.861213,-122.253829,,,,http://ar.rdcpix.com/6cc9245ce6c5158398d64656beaf7e45c-f121150091od-w480_h360_x2.webp?w=1080&q=75,"http://ar.rdcpix.com/6cc9245ce6c5158398d64656beaf7e45c-f121150091od-w480_h360_x2.webp?w=1080&q=75, http://ar.rdcpix.com/6cc9245ce6c5158398d64656beaf7e45c-f2147724698od-w480_h360_x2.webp?w=1080&q=75, http://ar.rdcpix.com/6cc9245ce6c5158398d64656beaf7e45c-f581200136od-w480_h360_x2.webp?w=1080&q=75, http://ar.rdcpix.com/6cc9245ce6c5158398d64656beaf7e45c-f26130625od-w480_h360_x2.webp?w=1080&q=75, http://ar.rdcpix.com/6cc9245ce6c5158398d64656beaf7e45c-f3498825567od-w480_h360_x2.webp?w=1080&q=75, http://ar.rdcpix.com/6cc9245ce6c5158398d64656beaf7e45c-f827689965od-w480_h360_x2.webp?w=1080&q=75, http://ar.rdcpix.com/6cc9245ce6c5158398d64656beaf7e45c-f3701908194od-w480_h360_x2.webp?w=1080&q=75, http://ar.rdcpix.com/6cc9245ce6c5158398d64656beaf7e45c-f2402557997od-w480_h360_x2.webp?w=1080&q=75, http://ar.rdcpix.com/6cc9245ce6c5158398d64656beaf7e45c-f1168958826od-w480_h360_x2.webp?w=1080&q=75, http://ar.rdcpix.com/6cc9245ce6c5158398d64656beaf7e45c-f2448801439od-w480_h360_x2.webp?w=1080&q=75, http://ar.rdcpix.com/6cc9245ce6c5158398d64656beaf7e45c-f2458654959od-w480_h360_x2.webp?w=1080&q=75, http://ar.rdcpix.com/6cc9245ce6c5158398d64656beaf7e45c-f497159953od-w480_h360_x2.webp?w=1080&q=75, http://ar.rdcpix.com/6cc9245ce6c5158398d64656beaf7e45c-f1501995327od-w480_h360_x2.webp?w=1080&q=75, http://ar.rdcpix.com/6cc9245ce6c5158398d64656beaf7e45c-f517223916od-w480_h360_x2.webp?w=1080&q=75, http://ar.rdcpix.com/6cc9245ce6c5158398d64656beaf7e45c-f1312842551od-w480_h360_x2.webp?w=1080&q=75, http://ar.rdcpix.com/6cc9245ce6c5158398d64656beaf7e45c-f647017248od-w480_h360_x2.webp?w=1080&q=75, http://ar.rdcpix.com/6cc9245ce6c5158398d64656beaf7e45c-f1221028278od-w480_h360_x2.webp?w=1080&q=75"
https://www.realtor.com/realestateandhomes-detail/2774454084,RLXB,6008655,FOR_RENT,APARTMENT,2420  Dwight Way,,Berkeley,CA,94704,,,,,,5,,2024-01-19,,,,,37.864701,-122.259648,,,,http://ar.rdcpix.com/eea35b0096f763b8c48c31f716d4927dc-f643661421od-w480_h360_x2.webp?w=1080&q=75,"http://ar.rdcpix.com/eea35b0096f763b8c48c31f716d4927dc-f643661421od-w480_h360_x2.webp?w=1080&q=75, http://ar.rdcpix.com/eea35b0096f763b8c48c31f716d4927dc-f372517853od-w480_h360_x2.webp?w=1080&q=75, http://ar.rdcpix.com/eea35b0096f763b8c48c31f716d4927dc-f2826990264od-w480_h360_x2.webp?w=1080&q=75, http://ar.rdcpix.com/eea35b0096f763b8c48c31f716d4927dc-f3218598616od-w480_h360_x2.webp?w=1080&q=75, http://ar.rdcpix.com/eea35b0096f763b8c48c31f716d4927dc-f3041281594od-w480_h360_x2.webp?w=1080&q=75, http://ar.rdcpix.com/eea35b0096f763b8c48c31f716d4927dc-f3682167506od-w480_h360_x2.webp?w=1080&q=75"
https://www.realtor.com/realestateandhomes-detail/1809510588,RLXB,6233631,FOR_RENT,APARTMENT,2437  Eighth St,,Berkeley,CA,94710,,,,,,5,,2024-01-19,1650000,2018-03-09,,,37.860955,-122.292775,,,,http://ar.rdcpix.com/bc87865f2825d25d5012a96dcfb69440c-f4274903679od-w480_h360_x2.webp?w=1080&q=75,"http://ar.rdcpix.com/bc87865f2825d25d5012a96dcfb69440c-f4274903679od-w480_h360_x2.webp?w=1080&q=75, http://ar.rdcpix.com/bc87865f2825d25d5012a96dcfb69440c-f2593931917od-w480_h360_x2.webp?w=1080&q=75, http://ar.rdcpix.com/bc87865f2825d25d5012a96dcfb69440c-f400857051od-w480_h360_x2.webp?w=1080&q=75, http://ar.rdcpix.com/bc87865f2825d25d5012a96dcfb69440c-f2591030986od-w480_h360_x2.webp?w=1080&q=75, http://ar.rdcpix.com/bc87865f2825d25d5012a96dcfb69440c-f198160346od-w480_h360_x2.webp?w=1080&q=75, http://ar.rdcpix.com/bc87865f2825d25d5012a96dcfb69440c-f1324798099od-w480_h360_x2.webp?w=1080&q=75, http://ar.rdcpix.com/bc87865f2825d25d5012a96dcfb69440c-f6968618od-w480_h360_x2.webp?w=1080&q=75, http://ar.rdcpix.com/bc87865f2825d25d5012a96dcfb69440c-f559825468od-w480_h360_x2.webp?w=1080&q=75, http://ar.rdcpix.com/bc87865f2825d25d5012a96dcfb69440c-f425090363od-w480_h360_x2.webp?w=1080&q=75, http://ar.rdcpix.com/bc87865f2825d25d5012a96dcfb69440c-f3971036749od-w480_h360_x2.webp?w=1080&q=75, http://ar.rdcpix.com/bc87865f2825d25d5012a96dcfb69440c-f2588336271od-w480_h360_x2.webp?w=1080&q=75, http://ar.rdcpix.com/bc87865f2825d25d5012a96dcfb69440c-f3956772039od-w480_h360_x2.webp?w=1080&q=75"
https://www.realtor.com/realestateandhomes-detail/9905296716,RLXB,6750060,FOR_RENT,OTHER,2350  Prospect St,,Berkeley,CA,94704,,,,,2021,5,,2024-01-19,,,,,37.868256,-122.250443,,,,http://ar.rdcpix.com/0d1811913496478984b4f425ee74e2d6c-f2842762757od-w480_h360_x2.webp?w=1080&q=75,"http://ar.rdcpix.com/0d1811913496478984b4f425ee74e2d6c-f2842762757od-w480_h360_x2.webp?w=1080&q=75, http://ar.rdcpix.com/0d1811913496478984b4f425ee74e2d6c-f160341328od-w480_h360_x2.webp?w=1080&q=75, http://ar.rdcpix.com/0d1811913496478984b4f425ee74e2d6c-f473842336od-w480_h360_x2.webp?w=1080&q=75, http://ar.rdcpix.com/0d1811913496478984b4f425ee74e2d6c-f4267962420od-w480_h360_x2.webp?w=1080&q=75, http://ar.rdcpix.com/0d1811913496478984b4f425ee74e2d6c-f36189991od-w480_h360_x2.webp?w=1080&q=75, http://ar.rdcpix.com/0d1811913496478984b4f425ee74e2d6c-f1356179704od-w480_h360_x2.webp?w=1080&q=75, http://ar.rdcpix.com/0d1811913496478984b4f425ee74e2d6c-f2362043704od-w480_h360_x2.webp?w=1080&q=75, http://ar.rdcpix.com/0d1811913496478984b4f425ee74e2d6c-f3684554806od-w480_h360_x2.webp?w=1080&q=75, http://ar.rdcpix.com/0d1811913496478984b4f425ee74e2d6c-f1057033071od-w480_h360_x2.webp?w=1080&q=75, http://ar.rdcpix.com/0d1811913496478984b4f425ee74e2d6c-f1134205318od-w480_h360_x2.webp?w=1080&q=75, http://ar.rdcpix.com/0d1811913496478984b4f425ee74e2d6c-f3320561682od-w480_h360_x2.webp?w=1080&q=75, http://ar.rdcpix.com/0d1811913496478984b4f425ee74e2d6c-f2501342307od-w480_h360_x2.webp?w=1080&q=75, http://ar.rdcpix.com/0d1811913496478984b4f425ee74e2d6c-f1684500977od-w480_h360_x2.webp?w=1080&q=75, http://ar.rdcpix.com/0d1811913496478984b4f425ee74e2d6c-f14176045od-w480_h360_x2.webp?w=1080&q=75, http://ar.rdcpix.com/0d1811913496478984b4f425ee74e2d6c-f2028686462od-w480_h360_x2.webp?w=1080&q=75, http://ar.rdcpix.com/0d1811913496478984b4f425ee74e2d6c-f4207300339od-w480_h360_x2.webp?w=1080&q=75, http://ar.rdcpix.com/0d1811913496478984b4f425ee74e2d6c-f1318751754od-w480_h360_x2.webp?w=1080&q=75"
https://www.realtor.com/realestateandhomes-detail/9638589615,RLXB,7140734,FOR_RENT,OTHER,2701  Durant Ave,,Berkeley,CA,94704,,,,,1926,5,,2024-01-19,,,,,37.8685,-122.254097,,,,http://ar.rdcpix.com/ec49f368e0614917af9510e697b87448c-f1030610583od-w480_h360_x2.webp?w=1080&q=75,"http://ar.rdcpix.com/ec49f368e0614917af9510e697b87448c-f1030610583od-w480_h360_x2.webp?w=1080&q=75, http://ar.rdcpix.com/ec49f368e0614917af9510e697b87448c-f636597213od-w480_h360_x2.webp?w=1080&q=75, http://ar.rdcpix.com/ec49f368e0614917af9510e697b87448c-f3552723382od-w480_h360_x2.webp?w=1080&q=75, http://ar.rdcpix.com/ec49f368e0614917af9510e697b87448c-f2786459037od-w480_h360_x2.webp?w=1080&q=75, http://ar.rdcpix.com/ec49f368e0614917af9510e697b87448c-f1235426279od-w480_h360_x2.webp?w=1080&q=75, http://ar.rdcpix.com/ec49f368e0614917af9510e697b87448c-f2141409685od-w480_h360_x2.webp?w=1080&q=75, http://ar.rdcpix.com/ec49f368e0614917af9510e697b87448c-f3377350927od-w480_h360_x2.webp?w=1080&q=75, http://ar.rdcpix.com/ec49f368e0614917af9510e697b87448c-f2791353695od-w480_h360_x2.webp?w=1080&q=75, http://ar.rdcpix.com/ec49f368e0614917af9510e697b87448c-f3939035541od-w480_h360_x2.webp?w=1080&q=75, http://ar.rdcpix.com/ec49f368e0614917af9510e697b87448c-f3004507351od-w480_h360_x2.webp?w=1080&q=75, http://ar.rdcpix.com/ec49f368e0614917af9510e697b87448c-f1453010658od-w480_h360_x2.webp?w=1080&q=75"
